[{"@type":"mappingTemplate","id":"@1","name":"Decrypt","description":"","bundleVersion":"0","templateId":"@3","deployTime":1565633543000,"hasParameters":false,"valid":true,"fixedConnection":true,"hasParametersDeployed":false,"fixedConnectionDeployed":true,"tasks":0,"mappingPreviewFileRecordId":"@2","documentType":"","references":[{"@type":"reference","refObjectId":"@d4jln6EPZMSl9rhJNx5m2L","refType":"connection"},{"@type":"reference","refObjectId":"@08j6a8QIasHjGaejIJ2aU4","refType":"connection"}]}]