[{"@type":"mappingTemplate","id":"@1","name":"Mapping9 - Copy 2","description":"","bundleVersion":"0","templateId":"@3","deployTime":1577689207000,"hasParameters":false,"valid":true,"fixedConnection":true,"hasParametersDeployed":false,"fixedConnectionDeployed":true,"tasks":0,"mappingPreviewFileRecordId":"@2","documentType":"","references":[{"@type":"reference","refObjectId":"@kVl7olpYACydYUCJNZaNej","refType":"connection"},{"@type":"reference","refObjectId":"@8NDkZFZHtEJhtBeqrBmB0Q","refType":"connection"}]}]