[{"@type":"mappingTemplate","id":"@1","name":"Mapping_perf1","description":"","bundleVersion":"0","templateId":"@3","deployTime":1576475817000,"hasParameters":false,"valid":true,"fixedConnection":true,"hasParametersDeployed":false,"fixedConnectionDeployed":true,"tasks":1,"mappingPreviewFileRecordId":"@2","documentType":"","references":[{"@type":"reference","refObjectId":"@8sk467MwSYRh1jfJ5Mybc1","refType":"connection"},{"@type":"reference","refObjectId":"@19UG57xYUnFkSVxFlEutkn","refType":"connection"}]}]