[{"@type":"mappingTemplate","id":"@1","name":"Mapping3","description":"","bundleVersion":"0","templateId":"@3","deployTime":1569819081000,"hasParameters":false,"valid":true,"fixedConnection":true,"hasParametersDeployed":false,"fixedConnectionDeployed":true,"tasks":1,"mappingPreviewFileRecordId":"@2","documentType":"","references":[{"@type":"reference","refObjectId":"@8NDkZFZHtEJhtBeqrBmB0Q","refType":"connection"},{"@type":"reference","refObjectId":"@08j6a8QIasHjGaejIJ2aU4","refType":"connection"}]}]