[{"@type":"mappingTemplate","id":"@1","name":"Mapping7","description":"","bundleVersion":"0","templateId":"@3","deployTime":1576604887000,"hasParameters":false,"valid":true,"fixedConnection":true,"hasParametersDeployed":false,"fixedConnectionDeployed":true,"tasks":0,"mappingPreviewFileRecordId":"@2","documentType":"","references":[{"@type":"reference","refObjectId":"@8NDkZFZHtEJhtBeqrBmB0Q","refType":"connection"},{"@type":"reference","refObjectId":"@aJx6fhoN8KTkN77Zx9jTuY","refType":"connection"}]}]